id,keyboard_accuracyleap_accuracy
1,1, null, 0.97530864197530861, LEAP, 0.3325635103926097
2,2, null, 0.97530864197530862, LEAP, 0.3325635103926097
