id, device, accuracy
1, KEYBOARD, 0.9753086419753086
2, LEAP, 0.3325635103926097
