id,keyboard_accuracyleap_accuracy
1,0.97530864197530860.3325635103926097
2,0.97530864197530860.3325635103926097
