id,keyboard_accuracy,leap_accuracy
1,0.9753086419753086,0.3348729792147806
2,0.9753086419753086,0.3348729792147806
